RK,NAME,POS,GP,REC,TGTS,YDS,AVG,TD,LNG,BIG,YDS/G,FUM,LST,YAC,FD,TEAM
1,Justin Jefferson,WR,17,128,184,"1,809",14.1,8,64,28,106.4,0,0,613,80,MIN
2,Tyreek Hill,WR,17,119,170,"1,710",14.4,7,64,25,100.6,1,0,482,77,MIA
3,Davante Adams,WR,17,100,180,"1,516",15.2,14,60,24,89.2,1,0,493,65,LV
4,A.J. Brown,WR,17,88,145,"1,496",17,11,78,23,88,2,2,548,59,PHI
5,Stefon Diggs,WR,16,108,154,"1,429",13.2,11,53,17,89.3,1,0,419,72,BUF
6,CeeDee Lamb,WR,17,107,156,"1,359",12.7,9,39,24,79.9,0,0,486,67,DAL
7,Jaylen Waddle,WR,17,75,117,"1,356",18.1,8,84,21,79.8,1,1,510,60,MIA
8,Travis Kelce,TE,17,110,152,"1,338",12.2,12,52,19,78.7,1,1,648,78,KC
9,DeVonta Smith,WR,17,95,136,"1,196",12.6,7,45,18,70.4,1,1,476,57,PHI
10,Terry McLaurin,WR,17,77,120,"1,191",15.5,5,52,16,70.1,0,0,394,56,WSH
11,Amon-Ra St. Brown,WR,16,106,146,"1,161",11,6,49,11,72.6,0,0,526,68,DET
12,Amari Cooper,WR,17,78,132,"1,160",14.9,9,55,18,68.2,0,0,325,61,CLE
13,Mike Evans,WR,15,77,127,"1,124",14.6,6,63,19,74.9,0,0,216,53,TB
14,Christian Kirk,WR,17,84,133,"1,108",13.2,8,49,18,65.2,1,1,377,54,JAX
15,Garrett Wilson,WR,17,83,147,"1,103",13.3,4,60,13,64.9,1,1,384,56,NYJ
16,DK Metcalf,WR,17,90,141,"1,048",11.6,6,54,11,61.6,2,2,217,47,SEA
17,JaMarr Chase,WR,12,87,134,"1,046",12,9,60,13,87.2,2,2,436,58,CIN
18,Chris Olave,WR,15,72,119,"1,042",14.5,4,53,13,69.5,2,2,210,48,NO
19,Tyler Lockett,WR,16,84,117,"1,033",12.3,9,40,14,64.6,1,1,274,50,SEA
20,Tee Higgins,WR,16,74,109,"1,029",13.9,7,59,14,64.3,0,0,286,46,CIN
21,Chris Godwin,WR,15,104,142,"1,023",9.8,3,44,10,68.2,2,2,531,53,TB
22,Brandon Aiyuk,WR,17,78,114,"1,015",13,8,54,17,59.7,1,1,388,47,SF
23,Jerry Jeudy,WR,15,67,100,972,14.5,6,67,14,64.8,0,0,392,41,DEN
24,JuJu Smith-Schuster,WR,16,78,101,933,12,3,53,9,58.3,3,2,465,47,KC
25,Michael Pittman Jr.,WR,16,99,141,925,9.3,4,28,8,57.8,2,1,357,51,IND
26,T.J. Hockenson,TE,17,86,129,914,10.6,6,81,5,53.8,1,1,413,44,MIN/DET
27,Mike Williams,WR,13,63,93,895,14.2,4,55,11,68.8,0,0,319,39,LAC
28,DJ Moore,WR,17,63,118,888,14.1,7,62,17,52.2,0,0,178,44,CAR
29,Diontae Johnson,WR,17,86,147,882,10.3,0,37,7,51.9,1,0,235,45,PIT
30,Drake London,WR,17,72,117,866,12,4,40,10,50.9,3,3,231,48,ATL
31,Mark Andrews,TE,15,73,113,847,11.6,5,36,7,56.5,1,0,243,48,BAL
32,Donovan Peoples-Jones,WR,17,61,96,839,13.8,3,42,14,49.4,1,1,191,33,CLE
33,Gabe Davis,WR,15,48,93,836,17.4,7,98,11,55.7,1,1,146,35,BUF
34,Courtland Sutton,WR,15,64,109,829,13,2,51,11,55.3,0,0,152,38,DEN
35,Zay Jones,WR,16,82,121,823,10,5,59,7,51.4,0,0,271,44,JAX
36,Cooper Kupp,WR,9,75,98,812,10.8,6,75,11,90.2,2,1,422,42,LAR
37,Jakobi Meyers,WR,14,67,96,804,12,6,48,14,57.4,1,1,238,38,NE
38,George Pickens,WR,17,52,84,801,15.4,4,42,17,47.1,0,0,104,38,PIT
39,Allen Lazard,WR,15,60,100,788,13.1,6,47,13,52.5,0,0,248,45,GB
40,Joshua Palmer,WR,16,72,107,769,10.7,3,50,7,48.1,1,0,255,39,LAC
41,Evan Engram,TE,17,73,98,766,10.5,4,36,10,45.1,0,0,465,33,JAX
42,George Kittle,TE,15,60,86,765,12.8,11,54,12,51,1,1,382,36,SF
43,Tyler Boyd,WR,16,58,82,762,13.1,5,60,10,47.6,0,0,249,41,CIN
44,Keenan Allen,WR,10,66,89,752,11.4,4,46,7,75.2,1,1,263,39,LAC
45,Christian McCaffreySF/,RB,17,85,108,741,8.7,5,49,8,43.6,0,0,695,36,CAR
46,Pat Freiermuth,TE,16,63,98,732,11.6,2,57,9,45.8,0,0,291,37,PIT
47,Darius Slayton,WR,16,46,71,724,15.7,2,55,12,45.3,2,1,262,30,NYG
48,Austin Ekeler,RB,17,107,127,722,6.7,5,23,4,42.5,2,1,857,36,LAC
49,DeAndre Hopkins,WR,9,64,96,717,11.2,3,33,8,79.7,2,1,165,35,ARI
50,Adam Thielen,WR,17,70,107,716,10.2,6,36,7,42.1,0,0,152,45,MIN
51,Marquise Brown,WR,12,67,107,709,10.6,3,47,9,59.1,1,0,236,33,ARI
52,Dallas Goedert,TE,12,55,69,702,12.8,3,31,11,58.5,1,1,420,40,PHI
53,Brandin Cooks,WR,13,57,93,699,12.3,3,44,13,53.8,0,0,205,29,HOU
54,Mack Hollins,WR,17,57,94,690,12.1,4,60,9,40.6,0,0,196,34,LV
55,Marquez Valdes-Scantling,WR,17,42,81,687,16.4,2,57,13,40.4,0,0,149,32,KC
56,Curtis Samuel,WR,17,64,92,656,10.3,4,49,10,38.6,0,0,289,36,WSH
57,K.J. Osborn,WR,17,60,90,650,10.8,5,66,6,38.2,1,0,300,32,MIN
58,Deebo Samuel,WR,13,56,94,632,11.3,2,57,7,48.6,0,0,493,25,SF
59,David Njoku,TE,14,58,80,628,10.8,4,38,8,44.9,1,1,338,36,CLE
60,Parris Campbell,WR,17,63,91,623,9.9,3,49,7,36.6,1,0,276,32,IND
61,Tyler Higbee,TE,17,72,108,620,8.6,3,26,4,36.5,0,0,404,32,LAR
62,Kalif Raymond,WR,17,47,64,616,13.1,0,56,10,36.2,1,1,218,24,DET
63,Christian Watson,WR,14,41,66,611,14.9,7,63,8,43.6,0,0,276,28,GB
64,Alec Pierce,WR,16,41,78,593,14.5,2,47,8,37.1,1,0,113,28,IND
65,Dalton Schultz,TE,15,57,89,577,10.1,5,30,5,38.5,1,1,204,27,DAL
66,Richie James,WR,17,57,70,569,10,4,33,3,33.5,0,0,176,29,NYG
67,Noah Brown,WR,16,43,74,555,12.9,3,51,6,34.7,1,1,128,25,DAL
67,Gerald Everett,TE,16,58,87,555,9.6,4,26,4,34.7,0,0,326,29,LAC
69,Tyler Conklin,TE,17,58,87,552,9.5,3,30,6,32.5,2,0,291,25,NYJ
70,Chris Moore,WR,16,48,74,548,11.4,2,52,9,34.3,0,0,263,24,HOU
71,Cole Kmet,TE,17,50,69,544,10.9,7,50,6,32,1,0,286,27,CHI
72,DeVante Parker,WR,13,31,47,539,17.4,3,43,10,41.5,0,0,105,25,NE
73,DeAndre Carter,WR,17,46,65,538,11.7,3,35,10,31.6,1,1,206,29,LAC
74,Corey Davis,WR,13,32,64,536,16.8,2,66,7,41.2,0,0,109,28,NYJ
75,Olamide Zaccheaus,WR,17,40,61,533,13.3,3,45,9,31.4,1,1,189,25,ATL
76,Marvin Jones Jr.,WR,16,46,81,529,11.5,3,37,6,33.1,0,0,95,30,JAX
77,Robert Woods,WR,17,53,91,527,9.9,2,41,3,31,0,0,156,31,TEN
78,Leonard Fournette,RB,16,73,83,523,7.2,3,44,3,32.7,0,0,563,26,TB
78,Jahan Dotson,WR,12,35,61,523,14.9,7,61,10,43.6,0,0,137,26,WSH
80,Dawson Knox,TE,15,48,65,517,10.8,6,45,8,34.5,0,0,193,25,BUF
81,Jerick McKinnon,RB,17,56,71,512,9.1,9,56,6,30.1,1,1,541,28,KC
82,Hunter Henry,TE,17,41,59,509,12.4,2,39,10,29.9,0,0,203,23,NE
83,Juwan Johnson,TE,16,42,65,508,12.1,7,41,8,31.8,0,0,182,25,NO
84,DJ Chark,WR,11,30,52,502,16.7,3,51,9,45.6,0,0,134,24,DET
85,Jordan Akins,TE,15,37,54,495,13.4,5,46,8,33,1,1,270,23,HOU
86,Darnell Mooney,WR,12,40,61,493,12.3,2,56,7,41.1,0,0,164,20,CHI
87,Alvin Kamara,RB,15,57,77,490,8.6,2,54,3,32.7,2,2,465,17,NO
87,Terrace Marshall Jr.,WR,14,28,47,490,17.5,1,43,10,35,2,0,132,23,CAR
89,Rashid Shaheed,WR,12,28,34,488,17.4,2,68,6,40.7,1,0,170,18,NO
90,Noah Fant,TE,17,50,63,486,9.7,4,51,4,28.6,0,0,221,24,SEA
91,Nico Collins,WR,10,37,66,481,13,2,58,8,48.1,0,0,163,21,HOU
92,Josh Reynolds,WR,14,38,59,479,12.6,3,31,8,34.2,0,0,115,25,DET
93,Robert Tonyan,TE,17,53,67,470,8.9,2,24,6,27.6,0,0,230,20,GB
94,Greg Dortch,WR,16,52,64,467,9,2,47,5,29.2,0,0,293,19,ARI
95,Demarcus Robinson,WR,17,48,75,458,9.5,2,31,4,26.9,2,1,150,23,BAL
96,Chase ClaypoolPIT/,WR,15,46,79,451,9.8,1,31,7,30.1,1,1,143,24,CHI
97,Chigoziem Okonkwo,TE,17,32,46,450,14.1,3,48,7,26.5,0,0,254,22,TEN
98,Elijah Moore,WR,16,37,65,446,12.1,1,42,8,27.9,1,0,111,22,NYJ
99,Austin Hooper,TE,17,41,60,444,10.8,2,24,2,26.1,0,0,134,28,TEN
99,Treylon Burks,WR,11,33,54,444,13.5,1,51,8,40.4,0,0,161,19,TEN
101,Joe Mixon,RB,14,60,75,441,7.3,2,35,4,31.5,0,0,468,16,CIN
102,Kendrick Bourne,WR,16,35,48,434,12.4,1,41,6,27.1,2,0,145,22,NE
103,Russell Gage,WR,13,51,70,426,8.4,5,23,3,32.8,1,1,171,31,TB
104,Romeo Doubs,WR,13,42,67,425,10.1,3,26,7,32.7,2,1,196,20,GB
105,Michael Gallup,WR,14,39,74,424,10.9,4,27,4,30.3,0,0,107,25,DAL
106,Isaiah McKenzie,WR,15,42,65,423,10.1,4,30,4,28.2,0,0,128,27,BUF
107,Rhamondre Stevenson,RB,17,69,88,421,6.1,1,40,3,24.8,2,0,474,13,NE
108,Foster Moreau,TE,15,33,54,420,12.7,2,33,7,28,0,0,237,24,LV
109,Randall Cobb,WR,13,34,50,417,12.3,1,40,7,32.1,1,0,185,19,GB
109,Trent Sherfield,WR,17,30,51,417,13.9,2,75,5,24.5,0,0,145,18,MIA
111,Jauan Jennings,WR,16,35,56,416,11.9,1,44,3,26,1,0,176,23,SF
112,Hayden Hurst,TE,13,52,68,414,8,2,29,4,31.8,0,0,192,26,CIN
112,Rondale Moore,WR,8,41,56,414,10.1,1,38,6,51.8,0,0,281,16,ARI
114,Greg Dulcich,TE,10,33,55,411,12.5,2,39,6,41.1,0,0,155,18,DEN
115,Devin Duvernay,WR,14,37,49,407,11,3,31,6,29.1,0,0,156,19,BAL
116,Zach Ertz,TE,10,47,69,406,8.6,4,32,2,40.6,0,0,130,24,ARI
117,Josh Jacobs,RB,17,53,64,400,7.5,0,43,2,23.5,1,1,374,16,LV
118,Derrick Henry,RB,16,33,41,398,12.1,0,69,6,24.9,2,1,386,11,TEN
119,Nick Westbrook-Ikhine,WR,17,25,50,397,15.9,3,63,5,23.4,0,0,112,18,TEN
120,Aaron Jone,RB,17,59,72,395,6.7,5,30,5,23.2,2,2,447,19,sGB
121,Isaiah HodginsBUF/,WR,10,37,48,392,10.6,4,29,4,39.2,1,1,88,24,NYG
122,Cade Otton,TE,16,42,65,391,9.3,2,35,4,24.4,0,0,174,19,TB
123,DAndre Swift,RB,14,48,70,389,8.1,3,25,5,27.8,1,0,454,17,DET
124,Darren Waller,TE,9,28,43,388,13.9,3,34,9,43.1,0,0,80,18,LV
125,Marquise Goodwin,WR,13,27,42,387,14.3,4,38,9,29.8,0,0,114,18,SEA
126,Ben Skowronek,WR,14,39,61,376,9.6,0,32,5,26.9,0,0,137,16,LAR
127,Isaiah Likely,TE,16,36,60,373,10.4,3,34,4,23.3,0,0,151,18,BAL
128,Tony Pollard,RB,16,39,55,371,9.5,3,68,3,23.2,0,0,347,18,DAL
129,Van Jefferson,WR,11,24,44,369,15.4,3,39,7,33.5,0,0,38,20,LAR
130,Nelson Agholor,WR,16,31,53,362,11.7,2,44,6,22.6,2,2,144,12,NE
130,Mike Gesicki,TE,17,32,52,362,11.3,5,32,5,21.3,0,0,97,19,MIA
132,Kyle Pitts,TE,10,28,59,356,12.7,2,33,5,35.6,0,0,126,20,ATL
133,Quez Watkins,WR,17,33,51,354,10.7,3,53,5,20.8,1,1,146,13,PHI
134,Antonio Gibson,RB,15,46,58,353,7.7,2,26,2,23.5,0,0,297,18,WSH
135,Will Dissly,TE,15,34,38,349,10.3,3,38,1,23.3,0,0,184,20,SEA
136,Allen Robinson,WR,10,33,52,339,10.3,3,29,3,33.9,0,0,71,23,LAR
137,Saquon Barkley,RB,16,57,76,338,5.9,0,41,2,21.1,0,0,434,10,NYG
138,Hunter Renfrow,WR,10,36,50,330,9.2,2,27,3,33,3,1,148,18,LV
139,Sammy Watkins,WR,12,16,27,325,20.3,0,55,7,27.1,1,1,126,11,BAL/GB
140,Logan Thomas,TE,14,39,61,323,8.3,1,27,2,23.1,0,0,126,15,WSH
140,Equanimeous St. Brown,WR,16,21,38,323,15.4,1,56,5,20.2,1,0,98,14,CHI
142,Colby Parkinson,TE,17,25,34,322,12.9,2,39,5,18.9,0,0,150,14,SEA
143,David Montgomery,RB,16,34,40,316,9.3,1,32,5,19.8,1,1,283,10,CHI
143,Travis Etienne Jr.,RB,17,35,45,316,9,0,30,6,18.6,2,0,354,16,JAX
145,Justin Watson,WR,17,15,34,315,21,2,67,6,18.5,0,0,60,12,KC
146,Jelani Woods,TE,15,25,40,312,12.5,3,36,4,20.8,1,0,120,16,IND
147,Kendall Hinton,WR,12,24,33,311,13,0,35,5,25.9,0,0,139,14,DEN
148,Kylen Granson,TE,13,31,40,302,9.7,0,32,3,23.2,1,0,127,17,IND
149,James Conner,RB,13,46,58,300,6.5,1,22,2,23.1,0,0,376,13,ARI
150,Julio Jones,WR,10,24,43,299,12.5,2,48,3,29.9,0,0,124,13,TB
150,Noah Gray,TE,17,28,34,299,10.7,1,27,3,17.6,0,0,182,14,KC
152,Tutu Atwell,WR,13,18,35,298,16.6,1,62,5,22.9,0,0,60,11,LAR
153,Mecole Hardman Jr,WR,8,25,34,297,11.9,4,36,5,37.1,0,0,160,14,.KC
154,Shi Smith,WR,17,22,41,296,13.5,2,38,6,17.4,1,1,132,14,CAR
155,Dalvin Cook,RB,17,39,56,295,7.6,2,64,2,17.4,0,0,331,16,MIN
156,Rachaad White,RB,17,50,58,290,5.8,2,20,1,17.1,1,1,319,13,TB
157,Michael Carter,RB,16,41,54,288,7,0,37,1,18,0,0,274,12,NYJ
158,Samaje Perine,RB,16,38,51,287,7.6,4,32,2,17.9,0,0,321,11,CIN
159,Rashod Bateman,WR,7,15,28,285,19,2,75,5,40.7,1,1,133,7,BAL
160,Chosen Anderson,WR,16,20,44,282,14.1,1,75,3,17.6,1,1,96,10,ARI/CAR
161,Devin Singletary,RB,16,38,52,280,7.4,1,22,1,17.5,0,0,257,15,BUF
162,TreQuan Smith,WR,15,19,27,278,14.6,1,48,4,18.5,0,0,66,14,NO
163,Jarvis Landry,WR,9,25,39,272,10.9,1,40,2,30.2,1,0,61,12,NO
163,Laviska Shenault Jr.,WR,13,27,32,272,10.1,1,67,3,20.9,0,0,330,10,CAR
165,Damiere Byrd,WR,14,13,23,268,20.6,2,75,3,19.1,0,0,105,9,ATL
165,Daniel Bellinger,TE,12,30,35,268,8.9,2,24,2,22.3,1,1,144,14,NYG
167,Trey McBride,TE,16,29,39,265,9.1,1,29,3,16.6,1,0,117,12,ARI
168,Phillip Dorsett,WR,15,20,40,257,12.9,1,34,5,17.1,0,0,62,11,HOU
169,Skyy Moore,WR,16,22,33,250,11.4,0,30,2,15.6,0,0,148,13,KC
170,Tyquan Thornton,WR,13,22,45,247,11.2,2,29,4,19,0,0,68,13,NE
171,Jonnu Smith,TE,14,27,38,245,9.1,0,53,3,17.5,0,0,200,9,NE
171,Dante Pettis,WR,17,19,41,245,12.9,3,51,2,14.4,0,0,63,9,CHI
173,Ray-Ray McCloud II,WR,17,14,25,243,17.4,1,42,5,14.3,0,0,92,11,ISF
174,Nyheim HinesIND/,RB,16,30,37,241,8,1,22,2,15.1,0,0,190,11,BUF
175,Nick Chubb,RB,17,27,37,239,8.9,1,26,1,14.1,0,0,259,12,CLE
175,Harrison Bryant,TE,17,31,42,239,7.7,1,30,1,14.1,0,0,113,12,CLE
177,A.J. Green,WR,15,24,47,236,9.8,2,77,1,15.7,0,0,56,11,ARI
178,C.J. Uzomah,TE,15,21,27,232,11,2,40,4,15.5,0,0,105,10,NYJ
179,Trenton Irwin,WR,9,15,23,231,15.4,4,45,3,25.7,0,0,59,12,CIN
180,Najee Harris,RB,17,41,53,229,5.6,3,19,0,13.5,1,1,207,16,PIT
181,WanDale Robinson,WR,6,23,31,227,9.9,1,19,0,37.8,0,0,126,13,NYG
182,Melvin Gordon III,RB,10,25,32,223,8.9,0,24,3,22.3,1,0,206,11,DEN
183,Breece Hall,RB,7,19,31,218,11.5,1,79,2,31.1,1,1,171,8,NYJ
184,Brock Wright,TE,17,18,24,216,12,4,51,3,12.7,0,0,165,13,DET
185,Jaylen Warren,RB,16,28,33,214,7.6,0,26,1,13.4,0,0,225,14,PIT
185,David Bell,WR,16,24,35,214,8.9,0,20,1,13.4,0,0,75,7,CLE
187,Ameer Abdullah,RB,17,25,32,211,8.4,1,23,1,12.4,0,0,195,8,LV
188,Kareem Hunt,RB,17,35,44,210,6,1,24,1,12.4,0,0,243,11,CLE
189,Deon Jackson,RB,16,30,34,209,7,1,27,4,13.1,0,0,228,10,IND
190,Adam Trautman,TE,15,18,22,207,11.5,1,22,2,13.8,0,0,123,9,NO
190,Ashton Dulin,WR,12,15,22,207,13.8,1,39,2,17.3,0,0,35,12,IND
192,AJ Dillon,RB,17,28,43,206,7.4,0,17,0,12.1,1,0,197,9,GB
193,Rex Burkhead,RB,16,37,51,204,5.5,1,17,0,12.8,0,0,204,8,HOU
193,Amari Rodgers,WR,16,16,25,204,12.8,1,37,3,12.8,2,0,68,12,HOU/GB
195,Raheem Mostert,RB,16,31,42,202,6.5,2,25,2,12.6,0,0,179,11,MIA
195,KhaDarel Hodge,WR,17,13,20,202,15.5,1,39,2,11.9,0,0,61,7,ATL
197,Kyle Juszczyk,FB,16,19,23,200,10.5,1,35,3,12.5,0,0,149,9,SF
198,Ian Thomas,TE,17,21,30,197,9.4,0,50,1,11.6,0,0,182,8,CAR
199,Eno Benjamin,RB,15,25,34,193,7.7,0,22,1,12.9,0,0,234,10,ARI/HOU/NO
200,Mo Alie-Cox,TE,17,19,28,189,9.9,3,34,1,11.1,1,1,99,9,IND
201,Jamal Agnew,WR,15,23,30,187,8.1,3,24,1,12.5,0,0,121,9,JAX
202,Denzel Mims,WR,10,11,25,186,16.9,0,63,2,18.6,0,0,75,7,NYJ
203,Jeff Wilson Jr.SF/,RB,16,22,37,185,8.4,1,16,0,11.6,1,1,136,7,MIA
203,Scotty Miller,WR,15,23,40,185,8,0,23,2,12.3,0,0,33,8,TB
205,Irv Smith Jr.,TE,8,25,36,182,7.3,2,17,0,22.8,1,0,91,9,MIN
206,James Cook,RB,16,21,32,180,8.6,1,41,1,11.3,0,0,132,5,BUF
207,Jalen Nailor,WR,15,9,13,179,19.9,1,47,3,11.9,0,0,67,7,MIN
208,Dontrell Hilliard,RB,12,21,26,177,8.4,4,31,3,14.8,0,0,151,8,TEN
209,Cameron Brate,TE,11,20,38,174,8.7,0,21,1,15.8,0,0,61,8,TB
209,Jake Ferguson,TE,16,19,22,174,9.2,2,30,3,10.9,0,0,124,8,DAL
209,Tommy Tremble,TE,17,19,32,174,9.2,3,29,1,10.2,0,0,62,9,CAR
212,J.D. McKissic,RB,8,27,40,173,6.4,0,14,0,21.6,0,0,152,7,WSH
213,Michael Thomas,WR,3,16,22,171,10.7,3,21,2,57,0,0,21,13,NO
213,Kadarius ToneyKC/,WR,9,16,20,171,10.7,2,38,4,19,0,0,108,8,NYG
213,Chuba Hubbard,RB,15,14,17,171,12.2,0,45,2,11.4,1,0,166,6,CAR
216,Kenneth Gainwell,RB,17,23,29,169,7.3,0,20,1,9.9,0,0,141,7,PHI
217,KJ Hamler,WR,7,7,14,165,23.6,0,55,3,23.6,0,0,23,3,DEN
217,Dameon Pierce,RB,13,30,39,165,5.5,1,16,0,12.7,0,0,197,7,HOU
217,Kenneth Walker III,RB,15,27,35,165,6.1,0,33,2,11,0,0,221,6,SEA
220,Khalil Shakir,WR,14,10,20,161,16.1,1,31,4,11.5,0,0,83,7,BUF
221,Marquez Callaway,WR,14,16,32,158,9.9,1,33,2,11.3,0,0,35,11,NO
222,Chase EdmondsMIA/,RB,13,16,24,157,9.8,1,27,1,12.1,0,0,113,7,DEN
222,Travis Homer,RB,10,16,18,157,9.8,1,27,3,15.7,1,1,122,7,SEA
224,Brandon Powell,WR,17,24,32,156,6.5,0,16,0,9.2,0,0,184,7,LAR
225,Sterling Shepard,WR,3,13,24,154,11.8,1,65,1,51.3,0,0,55,4,NYG
226,DeSean Jackson,WR,7,9,17,153,17,0,62,2,21.9,0,0,23,5,BAL
227,Connor Heyward,TE,17,12,17,151,12.6,1,45,2,8.9,0,0,62,6,PIT
227,Clyde Edwards-Helaire,RB,10,17,23,151,8.9,3,25,2,15.1,0,0,144,11,KC
229,MyCole Pruitt,TE,13,16,21,150,9.4,4,29,2,11.5,0,0,75,10,ATL
229,Zach Pascal,WR,17,15,19,150,10,1,34,2,8.8,0,0,86,9,PHI
231,Josh Oliver,TE,17,14,25,149,10.6,2,40,1,8.8,0,0,74,7,BAL
232,Eric Saubert,TE,17,15,24,148,9.9,1,25,3,8.7,0,0,75,6,DEN
233,O.J. Howard,TE,13,10,23,145,14.5,2,26,4,11.2,0,0,60,6,HOU
233,Braxton Berrios,WR,17,18,32,145,8.1,0,25,2,8.5,0,0,92,8,NYJ
235,Jonathan Taylor,RB,11,28,40,143,5.1,0,19,0,13,0,0,204,4,IND
235,Dyami Brown,WR,15,5,14,143,28.6,2,75,2,9.5,0,0,31,5,WSH
237,Keelan Cole,WR,14,10,21,141,14.1,1,30,3,10.1,0,0,20,8,LV
237,Tom Kennedy,WR,7,8,15,141,17.6,0,44,2,20.1,0,0,78,7,DET
239,Johnny Mundt,TE,17,19,21,140,7.4,1,17,0,8.2,0,0,117,9,MIN
240,Mitchell Wilcox,TE,16,17,18,139,8.2,1,19,0,8.7,0,0,74,6,CIN
240,Tyler Allgeier,RB,16,16,17,139,8.7,1,26,4,8.7,0,0,164,8,ATL
242,Cedrick Wilson Jr.,WR,15,12,18,136,11.3,0,21,2,9.1,0,0,45,8,MIA
243,Byron Pringle,WR,11,10,16,135,13.5,2,35,3,12.3,0,0,14,8,CHI
243,Dan Arnold,TE,17,9,13,135,15,0,26,3,7.9,0,0,75,5,JAX
245,Jeff Smith,WR,11,8,11,134,16.8,0,50,2,12.2,0,0,37,5,NYJ
246,Latavius MurrayNO/,RB,13,27,35,132,4.9,0,15,0,10.2,0,0,188,4,DEN
246,Tanner Hudson,TE,11,10,15,132,13.2,0,27,1,12,0,0,59,8,NYG
246,Zach Gentry,TE,17,19,23,132,6.9,0,32,2,7.8,0,0,102,6,PIT
249,Donald Parham Jr.,TE,6,10,12,130,13,1,24,2,21.7,0,0,42,5,LAC
249,Isiah Pacheco,RB,17,13,14,130,10,0,32,1,7.6,0,0,157,7,KC
251,Durham Smythe,TE,16,15,20,129,8.6,1,26,1,8.1,0,0,47,7,MIA
252,Brevin Jordan,TE,11,14,28,128,9.1,0,20,2,11.6,0,0,85,7,HOU
253,JaMycal Hasty,RB,17,20,26,126,6.3,1,28,2,7.4,0,0,129,7,JAX
253,DeeJay Dallas,RB,15,17,19,126,7.4,0,41,1,8.4,0,0,126,5,SEA
255,Jack Stoll,TE,17,11,14,123,11.2,0,26,2,7.2,0,0,49,5,PHI
256,Cordarrelle Patterson,RB,13,21,31,122,5.8,0,16,0,9.4,0,0,116,6,ATL
257,T.Y. Hilton,WR,3,7,10,121,17.3,0,52,2,40.3,0,0,33,5,DAL
258,Matt Breida,RB,17,20,25,118,5.9,0,16,0,6.9,0,0,100,5,NYG
258,Lawrence CagerNYG/,TE,7,13,19,118,9.1,1,20,1,16.9,0,0,78,8,NYJ
260,Pharaoh BrownHOU/,TE,16,12,20,117,9.8,0,30,1,7.3,0,0,83,6,CLE
260,Cam Akers,RB,15,13,18,117,9,0,18,0,7.8,0,0,136,8,LAR
262,NKeal Harry,WR,7,7,9,116,16.6,1,49,1,16.6,0,0,16,4,CHI
262,Craig Reynolds,RB,9,9,10,116,12.9,0,36,2,12.9,0,0,112,5,DET
264,Josiah Deguar,TE,17,13,15,114,8.8,0,25,1,6.7,0,0,63,4,aGB
265,James Mitchell,TE,14,11,11,113,10.3,1,22,2,8.1,0,0,62,7,DET
265,Teagan Quitoriano,TE,9,7,14,113,16.1,2,52,2,12.6,0,0,53,5,HOU
267,Breshad Perrima,WR,11,9,19,110,12.2,1,28,2,10,1,1,52,5,nTB
268,Brycen Hopkins,TE,14,7,11,109,15.6,0,22,2,7.8,0,0,33,5,LAR
269,John Bates,TE,16,14,22,108,7.7,1,20,1,6.8,1,0,54,4,WSH
269,Jody Fortson,TE,13,9,13,108,12,2,40,2,8.3,0,0,40,6,KC
271,Velus Jones Jr.,WR,12,7,14,107,15.3,1,44,2,8.9,0,0,37,4,CHI
272,David Sills V,WR,9,11,17,106,9.6,0,24,1,11.8,0,0,40,7,NYG
273,Ross Dwelley,TE,12,3,5,105,35,1,56,2,8.8,0,0,43,3,SF
273,Alec Ingold,FB,17,15,23,105,7,1,17,0,6.2,0,0,93,4,MIA
275,Dare Ogunbowale,RB,17,20,26,104,5.2,0,23,1,6.1,0,0,124,5,HOU
275,Steven Sims,WR,12,14,23,104,7.4,0,28,1,8.7,0,0,86,5,PIT
275,Jalen Reagor,WR,17,8,13,104,13,1,38,2,6.1,0,0,28,5,MIN
278,Peyton Hendershot,TE,17,11,16,103,9.4,2,29,2,6.1,0,0,47,8,DAL
279,River Cracraft,WR,11,9,14,102,11.3,2,22,1,9.3,0,0,26,8,MIA
279,Darrell Henderson Jr.,RB,10,17,22,102,6,0,15,0,10.2,0,0,110,5,JAX
281,Justin Jackson,RB,16,12,19,101,8.4,1,15,0,6.3,0,0,110,7,DET
281,Joshua Kelley,RB,13,14,25,101,7.2,0,22,1,7.8,0,0,88,4,LAC
283,Anthony Firkser,TE,11,9,13,100,11.1,0,22,1,9.1,0,0,20,5,ATL
283,Giovanni Ricci,TE,15,8,9,100,12.5,0,32,1,6.7,0,0,58,3,CAR
283,Zonovan Knight,RB,7,13,14,100,7.7,0,16,0,14.3,1,0,132,5,NYJ
286,Marcus Johnson,WR,14,9,22,99,11,0,18,0,7.1,0,0,36,6,NYG
286,Marlon MackSF/,RB,8,8,10,99,12.4,1,66,1,12.4,0,0,114,2,DEN
288,Damien Harri,RB,11,17,23,97,5.7,0,15,0,8.8,0,0,86,4,sNE
289,Mike Boone,RB,9,9,15,96,10.7,0,34,2,10.7,0,0,81,2,DEN
290,Albert Okwuegbunam,TE,8,10,18,95,9.5,1,25,1,11.9,0,0,59,4,DEN
291,Raheem Blackshear,RB,13,10,12,93,9.3,0,27,1,7.2,0,0,105,3,CAR
292,Ezekiel Elliott,RB,15,17,23,92,5.4,0,31,1,6.1,0,0,88,4,DAL
293,Alexander Mattison,RB,17,15,18,91,6.1,1,16,0,5.4,0,0,121,4,MIN
294,Kenyan Drake,RB,12,17,26,89,5.2,1,15,0,7.4,0,0,125,7,BAL
294,Cam Sims,WR,17,8,18,89,11.1,0,21,1,5.2,0,0,18,5,WSH
294,Parker Hesse,TE,17,9,11,89,9.9,0,22,1,5.2,0,0,36,6,ATL
294,Michael Bandy,WR,10,10,21,89,8.9,0,25,2,8.9,0,0,25,5,LAC
298,Ty Johnson,RB,17,12,24,88,7.3,0,16,0,5.2,0,0,73,3,NYJ
299,C.J. Ham,FB,17,10,12,86,8.6,0,17,0,5.1,0,0,56,7,MIN
300,Quintin Morris,TE,14,8,11,84,10.5,1,26,1,6,1,1,33,6,BUF
301,Samori Toure,WR,11,5,10,82,16.4,1,37,2,7.5,1,0,11,2,GB
302,Kenny Golladay,WR,12,6,17,81,13.5,1,25,1,6.8,0,0,11,4,NYG
302,Grant Calcaterra,TE,15,5,9,81,16.2,0,40,1,5.4,0,0,41,3,PHI
304,Ko Kief,TE,17,7,10,80,11.4,1,19,0,4.7,0,0,31,5,tTB
305,Eric Tomlinson,TE,17,9,13,79,8.8,2,18,0,4.6,0,0,44,5,DEN
306,Miles Sanders,RB,17,20,26,78,3.9,0,16,0,4.6,1,1,103,2,PHI
306,Marcus Jones,CB,15,4,4,78,19.5,1,48,1,5.2,0,0,95,3,NE
306,Kyle Philips,WR,4,8,13,78,9.8,0,21,2,19.5,0,0,21,3,TEN
309,Taysom Hill,TE,16,9,13,77,8.6,2,30,1,4.8,0,0,37,5,NO
310,Javonte Williams,RB,4,16,22,76,4.8,0,13,0,19,0,0,118,4,DEN
310,Kyren Williams,RB,10,9,12,76,8.4,0,15,0,7.6,0,0,80,5,LAR
312,Jalen Virgil,WR,9,2,5,75,37.5,1,66,1,8.3,0,0,43,2,DEN
313,Patrick Ricard,FB,17,11,13,74,6.7,0,19,0,4.4,0,0,72,1,BAL
313,Kevin White,WR,7,2,5,74,37,0,64,1,10.6,0,0,68,2,NO
313,Freddie SwainMIA/,WR,4,4,6,74,18.5,0,52,1,18.5,0,0,27,3,DEN
316,Jamaal Williams,RB,17,12,16,73,6.1,0,17,0,4.3,0,0,65,4,DET
317,Tre McKitty,TE,17,10,18,72,7.2,0,12,0,4.2,1,0,52,0,LAC
318,Andrew Beck,TE,13,5,11,69,13.8,0,27,2,5.3,0,0,47,2,DEN
318,Reggie Gilliam,FB,15,8,10,69,8.6,1,14,0,4.6,0,0,54,4,BUF
320,Mark Ingram I,RB,10,16,18,68,4.3,0,11,0,6.8,1,1,78,2,INO
321,Marcedes Lewis,TE,17,6,7,66,11,2,31,1,3.9,0,0,14,5,GB
322,Chris Myarick,FB,16,7,8,65,9.3,1,23,1,4.1,0,0,38,5,NYG
323,Jake Kumerow,WR,6,4,7,64,16,0,39,1,10.7,0,0,17,4,BUF
323,Jalen Guyton,WR,3,2,4,64,32,0,54,1,21.3,0,0,7,2,LAC
323,Armani Rogers,TE,11,5,6,64,12.8,0,23,1,5.8,0,0,57,4,WSH
326,Malik Davis,RB,12,6,7,63,10.5,0,18,0,5.3,0,0,65,5,DAL
327,Trent Taylor,WR,16,6,10,62,10.3,0,34,1,3.9,0,0,43,1,CIN
327,James Proche II,WR,15,8,17,62,7.8,0,12,0,4.1,0,0,16,3,BAL
329,Avery Williams,CB,17,13,14,61,4.7,0,10,0,3.6,0,0,79,3,ATL
330,Jamison Crowder,WR,4,6,13,60,10,0,16,0,15,0,0,30,4,BUF
330,Brian Robinson Jr.,RB,12,9,12,60,6.7,1,18,0,5,0,0,72,3,WSH
330,Shane Zylstra,TE,13,11,15,60,5.5,4,14,0,4.6,0,0,13,6,DET
333,Mike Strachan,WR,13,3,9,59,19.7,0,23,2,4.5,0,0,13,3,IND
334,Geoff Swaim,TE,17,12,16,58,4.8,1,13,0,3.4,0,0,43,4,TEN
334,Justice Hill,RB,15,12,12,58,4.8,0,15,0,3.9,1,0,83,2,BAL
334,Dee Eskridge,WR,10,7,13,58,8.3,0,16,0,5.8,0,0,46,4,SEA
337,Brandon Bolden,RB,16,9,9,57,6.3,1,18,0,3.6,0,0,27,2,LV
337,Tyler Kroft,TE,11,4,5,57,14.3,0,28,1,5.2,0,0,14,2,SF
337,Khalil Herbert,RB,13,9,12,57,6.3,1,25,2,4.4,0,0,81,2,CHI
337,Hassan Haskins,RB,15,11,12,57,5.2,0,10,0,3.8,0,0,58,2,TEN
341,Nick VannettNO/,TE,9,6,9,55,9.2,0,15,0,6.1,0,0,32,1,NYG
342,Corey Clement,RB,9,5,7,54,10.8,0,21,1,6,0,0,61,3,ARI
342,Cody Hollister,WR,11,3,5,54,18,0,27,2,4.9,0,0,8,2,TEN
344,Sony Michel,RB,10,9,13,53,5.9,0,9,0,5.3,0,0,46,1,LAC
344,Gunner Olszewski,WR,16,5,7,53,10.6,0,31,1,3.3,0,0,13,1,PIT
346,James RobinsonJAX/,RB,11,11,14,51,4.6,2,10,0,4.6,0,0,57,5,NYJ
346,Anthony Schwartz,WR,11,4,10,51,12.8,0,19,0,4.6,1,1,27,2,CLE
348,Charlie Kolar,TE,2,4,6,49,12.3,0,15,0,24.5,0,0,20,3,BAL
349,David Johnson,RB,5,4,4,47,11.8,0,21,1,9.4,0,0,46,3,NO
350,Chris ConleyHOU/,WR,9,4,7,46,11.5,0,27,1,5.1,0,0,3,2,TEN
350,Stephen Sullivan,TE,14,2,6,46,23,0,33,1,3.3,0,0,21,2,CAR
352,Andre Baccellia,WR,8,7,10,45,6.4,0,11,0,5.6,0,0,11,4,ARI
352,Michael Woods II,WR,10,5,10,45,9,0,15,0,4.5,0,0,17,3,CLE
354,Tevin Coleman,RB,5,3,3,44,14.7,1,30,1,8.8,0,0,20,2,SF
355,John Brown,WR,3,1,2,42,42,1,42,1,14,0,0,0,1,BUF
355,Chris Manhertz,TE,17,6,8,42,7,0,21,1,2.5,0,0,35,2,JAX
355,Laquon Treadwell,WR,6,6,10,42,7,0,17,0,7,0,0,11,3,SEA
355,Brandon Johnson,WR,7,6,14,42,7,1,12,0,6,0,0,13,2,DEN
355,J.K. Dobbins,RB,8,7,8,42,6,1,20,1,5.3,0,0,39,3,BAL
355,Pierre Strong Jr.,RB,15,7,7,42,6,0,16,0,2.8,0,0,38,3,NE
361,Julius Chestnut,RB,6,3,3,41,13.7,0,33,1,6.8,0,0,39,1,TEN
361,Jameson Williams,WR,6,1,9,41,41,1,41,1,6.8,0,0,5,1,DET
363,Jonathan Williams,RB,13,7,10,40,5.7,0,21,1,3.1,0,0,38,2,WSH
363,Luke Farrell,TE,17,4,4,40,10,0,15,0,2.4,0,0,36,3,JAX
363,Racey McMath,WR,5,2,8,40,20,0,39,1,8,0,0,7,1,TEN
366,Zack MossIND/,RB,13,11,13,39,3.5,0,8,0,3,0,0,42,2,BUF
366,Gary Brightwell,RB,17,5,8,39,7.8,0,12,0,2.3,0,0,35,4,NYG
368,Mike Thomas,WR,10,2,10,38,19,0,33,1,3.8,0,0,24,1,CIN
368,Chris Evans,RB,12,3,4,38,12.7,1,26,1,3.2,0,0,8,2,CIN
370,Malcolm Brown,RB,11,5,6,37,7.4,0,13,0,3.4,0,0,37,2,LAR
370,Dax Milne,WR,15,6,7,37,6.2,1,12,0,2.5,0,0,13,2,WSH
372,Cole Beasley,WR,4,6,7,35,5.8,0,9,0,8.8,0,0,14,1,BUF/TB
372,Kendall Blanton,TE,4,2,2,35,17.5,0,28,1,8.8,0,0,23,1,LAR
374,Royce Freeman,RB,4,6,8,33,5.5,0,9,0,8.3,0,0,39,0,HOU
374,Darrynton Evans,RB,6,1,1,33,33,0,33,1,5.5,0,0,31,1,CHI
374,Tylan Wallace,WR,9,4,7,33,8.3,0,12,0,3.7,0,0,9,1,BAL
377,Deven Thompkins,WR,5,5,10,32,6.4,0,13,0,6.4,0,0,32,1,TB
378,Trayveon Williams,RB,8,2,3,30,15,0,24,1,3.8,0,0,8,1,CIN
378,Tony Jones Jr.SEA,RB,6,5,8,30,6,0,9,0,5,0,0,34,0,/NO
378,Tim Jones,WR,17,3,4,30,10,0,20,1,1.8,0,0,21,1,JAX
381,Jordan Wilkins,RB,4,6,8,29,4.8,0,10,0,7.3,0,0,44,1,IND
381,Ronnie Rivers,RB,8,5,5,29,5.8,0,14,0,3.6,0,0,55,1,LAR
383,Kyle Rudolph,TE,9,3,5,28,9.3,1,12,0,3.1,0,0,3,2,TB
383,Myles Gaskin,RB,4,4,6,28,7,0,16,0,7,0,0,20,0,MIA
383,Tyrie Cleveland,WR,6,2,7,28,14,0,16,0,4.7,0,0,17,1,DEN
386,Ryan Griffin,TE,15,4,8,26,6.5,0,18,0,1.7,0,0,9,1,CHI
386,DOnta Foreman,RB,17,5,9,26,5.2,0,23,1,1.5,0,0,27,1,CAR
386,Tyler Davis,TE,17,4,7,26,6.5,0,23,1,1.5,0,0,27,1,GB
386,Ben Ellefson,TE,4,3,3,26,8.7,0,12,0,6.5,0,0,11,2,MIN
386,Trevon Wesco,TE,14,2,4,26,13,0,23,1,1.9,0,0,12,1,CHI
386,Jaelon DardenTB/,WR,14,2,2,26,13,0,25,1,1.9,0,0,16,1,CLE
392,Daylen Baldwin,WR,1,2,2,25,12.5,0,15,0,25,0,0,0,2,CLE
393,Dezmon Patmon,WR,1,2,6,24,12,0,17,0,24,0,0,7,1,IND
393,Simi Fehoko,WR,5,3,4,24,8,0,12,0,4.8,0,0,10,1,DAL
393,Tyler Badie,RB,1,1,1,24,24,1,24,1,24,0,0,31,1,DEN
393,Dareke Young,WR,13,2,2,24,12,0,12,0,1.8,0,0,23,2,SEA
397,Cole Turner,TE,10,2,9,23,11.5,0,18,0,2.3,0,0,7,1,WSH
398,Ronald Jones,RB,6,1,1,22,22,0,22,1,3.7,0,0,23,1,KC
399,Andy IsabellaARI/,WR,5,2,5,21,10.5,0,11,0,4.2,0,0,5,2,BAL
399,Cade Johnson,WR,3,2,4,21,10.5,0,11,0,7,0,0,6,2,SEA
399,Kene Nwangwu,RB,17,2,2,21,10.5,0,16,0,1.2,0,0,21,1,MIN
399,Keaontay Ingram,RB,12,4,5,21,5.3,0,24,1,1.8,0,0,32,1,ARI
403,Blake Bell,TE,3,2,2,20,10,1,17,0,6.7,0,0,8,1,KC
403,Keke Coutee,WR,8,1,1,20,20,0,20,1,2.5,1,1,8,0,IND
403,Penny Hart,WR,9,3,4,20,6.7,0,15,0,2.2,0,0,12,1,SEA
403,LilJordan Humphrey,WR,6,2,4,20,10,0,11,0,3.3,0,0,15,0,NE
407,Phillip Lindsay,RB,3,6,8,19,3.2,0,7,0,6.3,0,0,11,0,IND
407,KeShawn Vaughn,RB,15,3,4,19,6.3,0,11,0,1.3,0,0,29,1,TB
407,Jesper Horsted,TE,15,3,4,19,6.3,0,9,0,1.3,0,0,6,0,LV
407,Troy Hairston,FB,16,5,8,19,3.8,0,7,0,1.2,0,0,10,0,HOU
411,Maxx Williams,TE,11,3,3,18,6,0,7,0,1.6,0,0,6,0,ARI
411,Keith Kirkwood,WR,5,2,4,18,9,0,14,0,3.6,0,0,4,1,NO
413,Juwann Winfree,WR,3,1,4,17,17,0,17,0,5.7,0,0,5,1,GB
413,Benny Snell Jr.,RB,17,2,2,17,8.5,0,11,0,1,0,0,18,1,PIT
413,Patrick Taylor,RB,14,1,1,17,17,0,17,0,1.2,0,0,17,1,GB
413,Stone Smartt,TE,7,4,5,17,4.3,0,8,0,2.4,0,0,7,1,LAC
413,Braylon Sanders,WR,3,2,3,17,8.5,0,13,0,5.7,1,1,3,0,MIA
418,Rashaad Penny,RB,5,4,5,16,4,0,6,0,3.2,0,0,28,2,SEA
418,Dennis Houston,WR,2,2,6,16,8,0,11,0,8,0,0,6,0,DAL
420,Ty Montgomery,WR,1,3,4,15,5,1,7,0,15,0,0,7,1,NE
420,Boston Scott,RB,15,5,6,15,3,0,5,0,1,0,0,20,0,PHI
420,Quintez Cephus,WR,4,2,3,15,7.5,0,9,0,3.8,0,0,4,1,DET
420,Bryan Edwards,WR,7,3,5,15,5,0,10,0,2.1,0,0,9,0,ATL
420,Frank Darby,WR,5,1,1,15,15,0,15,0,3,0,0,1,1,ATL
420,Ihmir Smith-MarsetteKC/,WR,8,1,4,15,15,0,15,0,1.9,1,1,5,0,CHI
426,Nsimba Webster,WR,2,2,3,14,7,0,8,0,7,1,0,4,1,CHI
426,Larry Rountree III,RB,4,2,2,14,7,0,13,0,3.5,0,0,31,1,LAC
428,Austin Trammell,WR,6,2,4,13,6.5,0,8,0,2.2,0,0,0,1,LAR
428,Deonte Harty,WR,4,2,2,13,6.5,0,9,0,3.3,0,0,8,0,NO
428,Isaiah Spiller,RB,6,3,3,13,4.3,0,8,0,2.2,0,0,23,0,LAC
431,Jake Gervase,LB,14,1,1,12,12,0,12,0,0.9,0,0,6,1,LAR
431,Jalen Tolbert,WR,8,2,3,12,6,0,8,0,1.5,0,0,2,0,DAL
433,Michael Burton,FB,17,2,3,11,5.5,0,9,0,0.6,0,0,8,0,KC
433,Derek Watt,FB,17,5,5,11,2.2,1,5,0,0.6,0,0,4,1,PIT
433,Miles Boykin,WR,16,2,3,11,5.5,0,11,0,0.7,0,0,0,1,PIT
433,Sean McKeon,TE,13,2,3,11,5.5,0,10,0,0.8,0,0,7,1,DAL
433,Anthony McFarland Jr.,RB,1,2,2,11,5.5,0,12,0,11,0,0,15,1,PIT
438,Jakob Johnson,FB,17,5,6,10,2,0,5,0,0.6,0,0,7,0,LV
438,Spencer Brown,RB,2,2,4,10,5,0,9,0,5,0,0,12,0,CAR
438,Danny Gray,WR,13,1,7,10,10,0,10,0,0.8,0,0,4,1,SF
441,Stephen Anderson,TE,16,3,7,9,3,0,6,0,0.6,0,0,6,0,ARI
441,Darrel Williams,RB,6,4,8,9,2.3,0,6,0,1.5,0,0,15,0,ARI
441,KaVontae Turpin,WR,17,1,2,9,9,0,9,0,0.5,0,0,5,0,DAL
441,Adam Prentice,FB,11,3,3,9,3,0,4,0,0.8,1,0,18,1,NO
441,Penei Sewell,OT,17,1,1,9,9,0,9,0,0.5,0,0,6,1,DET
446,Keith Smith,FB,17,1,2,8,8,0,8,0,0.5,0,0,8,0,ATL
446,Tyron Johnson,WR,4,1,1,8,8,0,8,0,2,0,0,10,0,HOU/LV
446,Demetric Felton Jr.,RB,8,2,4,8,4,0,5,0,1,0,0,11,0,CLE
446,J.J. Taylor,RB,1,1,1,8,8,0,8,0,8,0,0,5,0,NE
446,Salvon Ahmed,RB,12,1,1,8,8,0,8,0,0.7,0,0,7,0,MIA
446,Trestan Ebner,RB,17,2,8,8,4,0,6,0,0.5,2,1,-1,0,CHI
446,Zander Horvath,FB,15,5,8,8,1.6,2,5,0,0.5,0,0,1,2,LAC
446,Jeremy Ruckert,TE,9,1,2,8,8,0,8,0,0.9,0,0,1,0,NYJ
454,Dwayne Washington,RB,12,1,1,7,7,0,7,0,0.6,0,0,6,0,NO
454,Tommy Sweeney,TE,5,1,1,7,7,0,7,0,1.4,0,0,8,1,BUF
454,DErnest Johnson,RB,15,3,3,7,2.3,0,7,0,0.5,0,0,8,0,CLE
454,Maurice Alexander,WR,4,1,1,7,7,0,7,0,1.8,0,0,4,0,DET
454,Tyler Mabry,TE,2,1,1,7,7,1,7,0,3.5,0,0,1,1,SEA
454,Jalen Camp,WR,2,1,1,7,7,0,7,0,3.5,0,0,0,1,HOU
454,Jonathan WardARI/,RB,8,2,3,7,3.5,0,4,0,0.9,0,0,4,1,TEN
454,Elijah Mitchel,RB,5,3,4,7,2.3,0,5,0,1.4,0,0,16,0,lSF
462,Mason Schreck,TE,3,2,2,6,3,0,6,0,2,0,0,0,0,HOU
462,C.J. Board,WR,4,1,1,6,6,0,6,0,1.5,0,0,0,0,TEN
462,Pharoh Cooper,WR,5,2,2,6,3,0,3,0,1.2,0,0,12,0,ARI
462,Patrick Mahomes,QB,17,1,1,6,6,0,6,0,0.4,0,0,15,0,KC
462,Jacob Harris,WR,7,1,1,6,6,0,6,0,0.9,0,0,2,1,LAR
467,Jared Goff,QB,17,1,1,5,5,0,5,0,0.3,0,0,5,0,DET
467,Jason Cabinda,FB,8,1,4,5,5,0,5,0,0.6,0,0,2,1,DET
467,TySon Williams,RB,1,1,1,5,5,0,5,0,5,0,0,6,0,ARI
467,Devin Asiasi,TE,12,2,4,5,2.5,0,6,0,0.4,0,0,0,0,CIN
467,Jason Moore Jr.,WR,6,1,2,5,5,0,5,0,0.8,0,0,0,0,LAC
472,Richard Rodgers,TE,10,1,4,4,4,0,4,0,0.4,0,0,3,0,LAC
472,Jeff Driskel,QB,7,1,1,4,4,0,4,0,0.6,0,0,7,0,HOU
472,Mike Davis,RB,8,2,2,4,2,0,7,0,0.5,0,0,11,0,BAL
472,Kamu Grugier-Hill,LB,15,1,1,4,4,0,4,0,0.3,0,0,4,1,ARI/HOU
476,Godwin Igwebuike,RB,5,1,1,3,3,0,3,0,0.6,0,0,0,0,SEA
476,Devine Ozigbo,RB,4,1,1,3,3,0,3,0,0.8,0,0,7,0,DEN
476,Mason Kinsey,WR,2,1,1,3,3,0,3,0,1.5,0,0,0,0,TEN
476,Caleb Huntley,RB,12,2,2,3,1.5,0,2,0,0.3,0,0,9,0,ATL
476,Erik Ezukanma,WR,1,1,1,3,3,0,3,0,3,0,0,7,0,MIA
481,Cody White,WR,1,1,1,2,2,0,2,0,2,0,0,2,0,PIT
481,Montrell Washington,WR,15,4,9,2,0.5,0,4,0,0.1,0,0,13,0,DEN
481,Zach Wilson,QB,9,1,1,2,2,1,2,0,0.2,0,0,0,1,NYJ
484,Russell Wilson,QB,15,1,1,1,1,0,1,0,0.1,0,0,2,0,DEN
485,Tom Brady,QB,17,0,1,0,0,0,0,0,0,0,0,0,0,TB
485,Josh Gordon,WR,2,0,1,0,0,0,0,0,0,0,0,0,0,TEN
485,David Bakhtiari,OT,11,0,1,0,0,0,0,0,0,0,0,0,0,GB
485,Jack Conklin,OT,14,0,1,0,0,0,0,0,0,0,0,0,0,CLE
485,Tanner Gentry,WR,3,0,1,0,0,0,0,0,0,0,0,0,0,BUF
485,Gus Edwards,RB,9,0,2,0,0,0,0,0,0,0,0,0,0,BAL
485,Khari Blasingame,FB,16,0,1,0,0,0,0,0,0,0,0,0,0,CHI
485,James Washington,WR,2,0,1,0,0,0,0,0,0,0,0,0,0,DAL
485,Stanley Morgan,WR,14,0,1,0,0,0,0,0,0,0,0,0,0,CIN
485,Noah Togiai,TE,2,0,1,0,0,0,0,0,0,0,0,0,0,PHI
485,Feleipe Franks,TE,11,0,2,0,0,0,0,0,0,0,0,0,0,ATL
485,Charlie Woerner,TE,17,0,2,0,0,0,0,0,0,0,0,0,0,SF
485,DJ Turner,WR,9,0,1,0,0,0,0,0,0,0,0,0,0,LV
485,Miller Forristall,TE,4,0,1,0,0,0,0,0,0,0,0,0,0,CLE
485,Tanner Conner,TE,13,0,3,0,0,0,0,0,0,0,0,0,0,MIA
485,Lance McCutcheon,WR,10,0,5,0,0,0,0,0,0,0,0,0,0,LAR
485,Jake Tonges,TE,4,0,1,0,0,0,0,0,0,0,0,0,0,CHI
485,Josh Ali,WR,2,0,1,0,0,0,0,0,0,0,0,0,0,ATL
485,Jaret Patterson,RB,3,0,1,0,0,0,0,0,0,0,0,0,0,WSH
485,Tyrion Davis-Price,RB,6,0,2,0,0,0,0,0,0,0,0,0,0,SF
505,Giovani Bernard,RB,8,2,2,-1,-0.5,0,6,0,-0.1,0,0,7,0,TB
506,Drew Sample,TE,2,2,2,-2,-1,0,2,0,-1,0,0,0,0,CIN
507,Joe Flacco,QB,5,0,0,-3,0,0,-3,0,-0.6,0,0,-3,0,NYJ
508,Bailey Zappe,QB,4,1,1,-6,-6,0,-6,0,-1.5,0,0,2,0,NE
509,Justin Herbert,QB,17,2,2,-10,-5,0,-2,0,-0.6,0,0,5,0,LAC
